[
    {
        "pk": 1,
        "model": "auth.user",
        "fields": {
            "username": "ghr_admin",
            "first_name": "Admin",
            "last_name": "User",
            "is_active": true,
            "is_superuser": true,
            "is_staff": true,
            "last_login": "2011-02-17T13:18:58+05:00",
            "groups": [],
            "user_permissions": [],
            "password": "sha1$d637e$d57d30c5303245fa325449956111a378071fffa2",
            "email": "kd+a@gmail.com",
            "date_joined": "2011-02-17T13:18:58+05:00"
        }
    },
    {
        "pk": 2,
        "model": "auth.user",
        "fields": {
            "username": "ghr_prof_admin",
            "first_name": "Professional Admin",
            "last_name": "User",
            "is_active": true,
            "is_superuser": false,
            "is_staff": false,
            "last_login": "2011-02-17T13:18:58+05:00",
            "groups": [],
            "user_permissions": [],
            "password": "sha1$d637e$d57d30c5303245fa325449956111a378071fffa2",
            "email": "kd+pa@gmail.com",
            "date_joined": "2011-02-17T13:18:58+05:00"
        }
    },
    {
        "pk": 3,
        "model": "auth.user",
        "fields": {
            "username": "ghr_prof_caregiver",
            "first_name": "Caregiver",
            "last_name": "User",
            "is_active": true,
            "is_superuser": false,
            "is_staff": false,
            "last_login": "2011-02-17T13:18:58+05:00",
            "groups": [],
            "user_permissions": [],
            "password": "sha1$d637e$d57d30c5303245fa325449956111a378071fffa2",
            "email": "kdf+pc@gmail.com",
            "date_joined": "2011-02-17T13:18:58+05:00"
        }
    },
    {
        "pk": 4,
        "model": "auth.user",
        "fields": {
            "username": "ghr_patient",
            "first_name": "Patient",
            "last_name": "User",
            "is_active": true,
            "is_superuser": false,
            "is_staff": false,
            "last_login": "2011-02-17T13:18:58+05:00",
            "groups": [],
            "user_permissions": [],
            "password": "sha1$d637e$d57d30c5303245fa325449956111a378071fffa2",
            "email": "kd+p@gmail.com",
            "date_joined": "2011-02-17T13:18:58+05:00"
        }
    },
    {
        "pk": 5,
        "model": "auth.user",
        "fields": {
            "username": "ghr_demo",
            "first_name": "Demo",
            "last_name": "User",
            "is_active": true,
            "is_superuser": false,
            "is_staff": false,
            "last_login": "2011-02-17T13:18:58+05:00",
            "groups": [],
            "user_permissions": [],
            "password": "sha1$d637e$d57d30c5303245fa325449956111a378071fffa2",
            "email": "kd+d@gmail.com",
            "date_joined": "2011-02-17T13:18:58+05:00"
        }
    },
    {
        "pk": 6,
        "model": "auth.user",
        "fields": {
            "username": "ghr_new",
            "first_name": "Unconfigured",
            "last_name": "User",
            "is_active": true,
            "is_superuser": false,
            "is_staff": false,
            "last_login": "2011-02-17T13:18:58+05:00",
            "groups": [],
            "user_permissions": [],
            "password": "sha1$d637e$d57d30c5303245fa325449956111a378071fffa2",
            "email": "kd+u@gmail.com",
            "date_joined": "2011-02-17T13:18:58+05:00"
        }
    },
    {
        "pk": 1,
        "model": "accounts.contact",
        "fields": {
            "middle_initial": "W",
            "city": "Test city",
            "first_name": "Test",
            "last_name": "McTester",
            "zip": 63109,
            "address1": "123 Test",
            "address2": "Apt 1",
            "fax": "555-555-5555",
            "state": "MO",
            "salutation": "Mr.",
            "email": "test@test.com"
        }
    },
    {
        "pk": 2,
        "model": "accounts.contact",
        "fields": {
            "middle_initial": "W",
            "city": "Test city",
            "first_name": "Test",
            "last_name": "McTester",
            "zip": 63109,
            "address1": "123 Test",
            "address2": "Apt 1",
            "fax": "555-555-5555",
            "state": "MO",
            "salutation": "Mr.",
            "email": "test@test.com"
        }
    },
    {
        "pk": 3,
        "model": "accounts.contact",
        "fields": {
            "middle_initial": "W",
            "city": "Test city",
            "first_name": "Test",
            "last_name": "McTester",
            "zip": 63109,
            "address1": "123 Test",
            "address2": "Apt 1",
            "fax": "555-555-5555",
            "state": "MO",
            "salutation": "Mr.",
            "email": "test@test.com"
        }
    },
    {
        "pk": 4,
        "model": "accounts.contact",
        "fields": {
            "middle_initial": "W",
            "city": "Test city",
            "first_name": "Test",
            "last_name": "McTester",
            "zip": 63109,
            "address1": "123 Test",
            "address2": "Apt 1",
            "fax": "555-555-5555",
            "state": "MO",
            "salutation": "Mr.",
            "email": "test@test.com"
        }
    },
    {
        "pk": 5,
        "model": "accounts.contact",
        "fields": {
            "middle_initial": "W",
            "city": "Test city",
            "first_name": "Test",
            "last_name": "McTester",
            "zip": 63109,
            "address1": "123 Test",
            "address2": "Apt 1",
            "fax": "555-555-5555",
            "state": "MO",
            "salutation": "Mr.",
            "email": "test@test.com"
        }
    },
    {
        "pk": 6,
        "model": "accounts.contact",
        "fields": {
            "middle_initial": "W",
            "city": "Test city",
            "first_name": "Test",
            "last_name": "McTester",
            "zip": 63109,
            "address1": "123 Test",
            "address2": "Apt 1",
            "fax": "555-555-5555",
            "state": "MO",
            "salutation": "Mr.",
            "email": "test@test.com"
        }
    },
    {
        "pk": 7,
        "model": "accounts.contact",
        "fields": {
            "middle_initial": "W",
            "city": "Test city",
            "first_name": "Test",
            "last_name": "McTester",
            "zip": 63109,
            "address1": "123 Test",
            "address2": "Apt 1",
            "fax": "555-555-5555",
            "state": "MO",
            "salutation": "Mr.",
            "email": "test@test.com"
        }
    },
    {
        "pk": 8,
        "model": "accounts.contact",
        "fields": {
            "middle_initial": "W",
            "city": "Test city",
            "first_name": "Test",
            "last_name": "McTester",
            "zip": 63109,
            "address1": "123 Test",
            "address2": "Apt 1",
            "fax": "555-555-5555",
            "state": "MO",
            "salutation": "Mr.",
            "email": "test@test.com"
        }
    },
    {
        "pk": 9,
        "model": "accounts.contact",
        "fields": {
            "middle_initial": "W",
            "city": "Test city",
            "first_name": "Test",
            "last_name": "McTester",
            "zip": 63109,
            "address1": "123 Test",
            "address2": "Apt 1",
            "fax": "555-555-5555",
            "state": "MO",
            "salutation": "Mr.",
            "email": "test@test.com"
        }
    },
    {
        "pk": 10,
        "model": "accounts.contact",
        "fields": {
            "middle_initial": "W",
            "city": "Test city",
            "first_name": "Test",
            "last_name": "McTester",
            "zip": 63109,
            "address1": "123 Test",
            "address2": "Apt 1",
            "fax": "555-555-5555",
            "state": "MO",
            "salutation": "Mr.",
            "email": "test@test.com"
        }
    },
    {
        "pk": 1,
        "model": "accounts.phonenumber",
        "fields": {
            "is_cell": true,
            "phone": "555-555-5555",
            "contact": 1,
            "is_contact": true
        }
    },
    {
        "pk": 2,
        "model": "accounts.phonenumber",
        "fields": {
            "is_cell": true,
            "phone": "555-555-5555",
            "contact": 2,
            "is_contact": true
        }
    },
    {
        "pk": 3,
        "model": "accounts.phonenumber",
        "fields": {
            "is_cell": true,
            "phone": "555-555-5555",
            "contact": 3,
            "is_contact": true
        }
    },
    {
        "pk": 4,
        "model": "accounts.phonenumber",
        "fields": {
            "is_cell": true,
            "phone": "555-555-5555",
            "contact": 4,
            "is_contact": true
        }
    },
    {
        "pk": 5,
        "model": "accounts.phonenumber",
        "fields": {
            "is_cell": true,
            "phone": "555-555-5555",
            "contact": 5,
            "is_contact": true
        }
    },
    {
        "pk": 6,
        "model": "accounts.phonenumber",
        "fields": {
            "is_cell": true,
            "phone": "555-555-5555",
            "contact": 6,
            "is_contact": true
        }
    },
    {
        "pk": 7,
        "model": "accounts.phonenumber",
        "fields": {
            "is_cell": true,
            "phone": "555-555-5555",
            "contact": 7,
            "is_contact": true
        }
    },
    {
        "pk": 8,
        "model": "accounts.phonenumber",
        "fields": {
            "is_cell": true,
            "phone": "555-555-5555",
            "contact": 8,
            "is_contact": true
        }
    },
    {
        "pk": 9,
        "model": "accounts.phonenumber",
        "fields": {
            "is_cell": true,
            "phone": "555-555-5555",
            "contact": 9,
            "is_contact": true
        }
    },
    {
        "pk": 10,
        "model": "accounts.phonenumber",
        "fields": {
            "is_cell": true,
            "phone": "555-555-5555",
            "contact": 10,
            "is_contact": true
        }
    },
    {
        "pk": 1,
        "model": "accounts.genesisgroup",
        "fields": {
            "contact": 1,
            "name": "Test Group",
            "group_type": "healthcare_provider"
        }
    },
    {
        "pk": 2,
        "model": "accounts.genesisgroup",
        "fields": {
            "contact": 6,
            "name": "Mr. Coffee",
            "group_type": "healthcare_provider"
        }
    },
    {
        "pk": 3,
        "model": "accounts.genesisgroup",
        "fields": {
            "contact": 7,
            "name": "St. Strawberry",
            "group_type": "healthcare_provider"
        }
    },
    {
        "pk": 1,
        "model": "accounts.grouptogrouprelationship",
        "fields": {
            "group_b": 2,
            "group_a": 1,
            "permissions": [
                1
            ]
        }
    },
    {
        "pk": 2,
        "model": "accounts.grouptogrouprelationship",
        "fields": {
            "group_b": 1,
            "group_a": 2,
            "permissions": []
        }
    },
    {
        "pk": 1,
        "model": "accounts.payor",
        "fields": {
            "contact": 2,
            "group": 1,
            "name": "Test Payor"
        }
    },
    {
        "pk": 1,
        "model": "accounts.company",
        "fields": {
            "group": 1,
            "contact": 3,
            "payor": 1,
            "name": "Test Company"
        }
    },
    {
        "pk": 1,
        "model": "accounts.patientprofile",
        "fields": {
            "gender": "male",
            "configured": true,
            "security_question1": "grade_school",
            "security_answer1": "Answer1",
            "security_question2": "mother_maiden",
            "security_answer2": "Answer2",
            "security_question3": "grandmother_madien",
            "security_answer3": "Answer3",
            "verizon_instance_id": 200,
            "contact": 4,
            "created_by_group": 1,
            "date_of_birth": "1980-01-01",
            "user": 4,
            "api_username": "test_mode",
            "company": 1,
            "preferred_contact_method": "email"
        }
    },
    {
        "pk": 2,
        "model": "accounts.patientprofile",
        "fields": {
            "demo_patient": true,
            "gender": "male",
            "configured": true,
            "verizon_instance_id": 201,
            "contact": 9,
            "created_by_group": 1,
            "date_of_birth": "1980-01-01",
            "user": 5,
            "api_username": "test_mode2",
            "company": 1,
            "preferred_contact_method": "email"
        }
    },
    {
        "pk": 3,
        "model": "accounts.patientprofile",
        "fields": {
            "gender": "male",
            "configured": false,
            "verizon_instance_id": 202,
            "contact": 10,
            "created_by_group": 1,
            "date_of_birth": "1980-01-01",
            "user": 6,
            "api_username": "test_mode2",
            "company": 1,
            "preferred_contact_method": "email"
        }
    },
    {
        "pk": 1,
        "model": "accounts.demopatientprofile",
        "fields": {
            "reading_types": "glucose,weight",
            "user": 5,
            "glucose_reading_interval": "five_times_daily"
        }
    },
    {
        "pk": 1,
        "model": "accounts.grouptopatientrelationship",
        "fields": {
            "relationship_type": 4,
            "group": 1,
            "patient": 4
        }
    },
    {
        "pk": 2,
        "model": "accounts.grouptopatientrelationship",
        "fields": {
            "relationship_type": 4,
            "group": 1,
            "patient": 5
        }
    },
    {
        "pk": 3,
        "model": "accounts.grouptopatientrelationship",
        "fields": {
            "relationship_type": 4,
            "group": 1,
            "patient": 6
        }
    },
    {
        "pk": 1,
        "model": "health_information.healthinformation",
        "fields": {
            "patient": 4
        }
    },
    {
        "pk": 2,
        "model": "health_information.healthinformation",
        "fields": {
            "patient": 5
        }
    },
    {
        "pk": 3,
        "model": "health_information.healthinformation",
        "fields": {
            "patient": 6
        }
    },
    {
        "pk": 1,
        "model": "accounts.professionalprofile",
        "fields": {
            "parent_group": 1,
            "configured": true,
            "contact": 5,
            "role": 2,
            "user": 2
        }
    },
    {
        "pk": 2,
        "model": "accounts.professionalprofile",
        "fields": {
            "parent_group": 1,
            "configured": true,
            "contact": 8,
            "role": 1,
            "user": 3
        }
    },
    {
        "pk": 1,
        "model": "accounts.message",
        "fields": {
            "content": "this is a test message",
            "subject": "test",
            "sent_at": "2013-01-11T08:04:57+05:00",
            "recipients": [
                3
            ],
            "sender": 2
        }
    },
    {
        "pk": 2,
        "model": "accounts.message",
        "fields": {
            "content": "this is a moo message",
            "subject": "moo",
            "sent_at": "2013-01-11T08:04:57+05:00",
            "recipients": [
                2
            ],
            "sender": 3
        }
    },
    {
        "pk": 3,
        "model": "accounts.message",
        "fields": {
            "content": "this is a patient message",
            "subject": "test patient msg",
            "sent_at": "2013-01-11T08:05:57+05:00",
            "recipients": [
                4
            ],
            "sender": 2
        }
    },
    {
        "pk": 1,
        "model": "accounts.messageentry",
        "fields": {
            "read": false,
            "message": 1,
            "recipient": 3
        }
    },
    {
        "pk": 2,
        "model": "accounts.messageentry",
        "fields": {
            "read": false,
            "message": 2,
            "recipient": 2
        }
    },
    {
        "pk": 3,
        "model": "accounts.messageentry",
        "fields": {
            "read": false,
            "message": 3,
            "recipient": 4
        }
    },
    {
        "pk": 1,
        "model": "accounts.professionaltopatientrelationship",
        "fields": {
            "professional": 3,
            "patient": 4,
            "relationship": 1,
            "watch_list": true
        }
    },
    {
        "pk": 2,
        "model": "accounts.professionaltopatientrelationship",
        "fields": {
            "professional": 3,
            "patient": 5,
            "relationship": 1,
            "watch_list": false
        }
    },
    {
        "pk": 3,
        "model": "accounts.professionaltopatientrelationship",
        "fields": {
            "professional": 3,
            "patient": 6,
            "relationship": 1,
            "watch_list": true
        }
    },
    {
        "pk": 1,
        "model": "accounts.note",
        "fields": {
            "author": 3,
            "patient": 4,
            "content": "Test note",
            "date_created": "2013-01-11T08:04:57+05:00"
        }
    },
    {
        "pk": 2,
        "model": "accounts.note",
        "fields": {
            "author": 3,
            "patient": 5,
            "content": "Test note",
            "date_created": "2013-01-11T08:04:57+05:00"
        }
    },
    {
        "pk": 3,
        "model": "accounts.note",
        "fields": {
            "author": 3,
            "patient": 6,
            "content": "Test note",
            "date_created": "2013-01-11T08:04:57+05:00"
        }
    }
]
